country,year,life_expectancy,adult_mortality,infant_deaths,alcohol_consumption,health_expenditure_pct,hepatitis_b_coverage,measles_cases,bmi,under_five_deaths,polio_coverage,total_expenditure,diphtheria_coverage,hiv_aids,gdp_per_capita,population,schooling,status
India,2000,72.3,125.5,208,10.23,9.37,25.7,33245,40.7,145,95.6,6.09,89.8,7.5,22168.01,1205405949,11.1,Developed
India,2001,69.2,83.4,387,16.08,9.29,38.4,33393,40.1,83,42.3,13.93,76.4,2.9,68989.99,735466515,13.5,Developing
India,2002,72.7,119.5,157,8.54,6.44,57.2,6744,50.2,107,69.4,3.63,40.8,23.0,62907.73,339280361,13.0,Developing
India,2003,73.2,147.7,264,16.68,12.11,80.2,47609,30.7,134,62.6,15.56,50.9,4.4,26831.03,760166556,16.9,Developed
India,2004,71.9,168.1,213,0.11,16.98,14.9,26790,34.6,71,97.3,14.04,31.3,21.2,16847.0,549704050,7.3,Developed
India,2005,73.5,57.1,218,13.45,6.54,59.8,13071,55.5,257,60.4,5.66,35.1,4.9,57883.36,1273429530,10.5,Developing
India,2006,73.5,337.9,361,8.28,5.76,64.0,24577,20.8,28,74.1,5.69,55.5,27.7,9060.26,288474260,17.9,Developing
India,2007,72.6,147.4,396,12.45,15.01,87.8,38653,32.0,102,68.8,8.45,52.6,16.4,52923.12,1195549247,11.6,Developed
India,2008,73.5,281.0,445,13.36,13.09,37.9,23673,60.5,228,81.6,4.65,52.2,6.9,29103.86,427417422,14.2,Developed
India,2009,73.4,126.6,382,15.86,3.38,67.2,28005,36.6,249,85.1,15.14,34.2,29.7,30003.25,1214962847,9.9,Developing
India,2010,76.1,148.1,275,8.37,10.77,66.5,48131,21.6,47,97.2,14.27,66.7,24.0,67734.69,188499295,12.3,Developed
India,2011,73.8,233.0,97,12.78,14.04,48.4,18144,39.9,77,74.9,2.24,74.7,10.3,42311.57,1487417464,15.3,Developed
India,2012,75.3,138.1,319,14.08,1.32,30.0,27993,25.1,114,70.3,14.05,66.7,19.6,16186.46,1233697092,18.7,Developing
India,2013,74.1,106.7,75,3.51,4.09,12.3,39447,62.4,20,83.8,10.18,95.9,9.9,25363.83,494244261,13.8,Developing
India,2014,74.6,131.3,479,15.64,14.13,12.4,28812,23.8,192,31.8,15.75,88.9,6.3,4127.3,941872200,9.2,Developing
India,2015,76.1,281.3,302,13.85,2.58,25.6,37899,52.1,62,41.2,4.56,94.9,22.2,28799.55,680593721,9.5,Developing
India,2016,77.1,158.0,130,8.65,17.06,11.4,24905,55.8,204,96.3,2.7,54.9,9.4,5411.39,1400263287,7.4,Developing
India,2017,75.4,245.1,414,6.63,9.01,94.7,18003,52.3,165,33.1,15.41,42.2,0.4,41586.04,301220936,14.5,Developing
India,2018,77.4,309.9,338,4.99,11.5,83.3,27475,26.1,265,96.6,13.61,85.9,5.5,70350.38,235016614,16.2,Developing
India,2019,76.6,199.3,156,6.87,7.34,84.9,40757,33.1,13,52.9,16.11,32.4,26.2,73103.44,99956809,11.7,Developing
India,2020,76.2,319.2,47,7.14,2.13,96.2,30437,64.2,274,60.4,15.57,85.9,0.1,38204.23,551706129,4.3,Developed
India,2021,76.5,337.1,342,12.18,9.12,76.6,37436,27.2,112,65.5,14.69,39.8,19.8,59506.18,867336647,7.1,Developing
India,2022,76.5,269.0,154,5.59,17.56,69.5,34073,42.3,136,82.4,3.24,59.1,19.9,46433.61,73598295,15.5,Developed
India,2023,77.5,239.6,406,3.37,4.1,22.7,2235,57.3,121,41.2,6.48,69.5,14.6,27643.36,1350250712,17.7,Developed
United States,2000,67.5,213.8,60,12.67,12.14,55.8,22108,33.9,95,47.6,14.72,63.6,16.5,53127.2,1434646306,17.4,Developed
United States,2001,68.8,68.9,187,7.26,1.43,58.4,6198,28.7,234,87.3,3.04,79.2,3.9,27940.41,971975560,9.9,Developing
United States,2002,70.2,104.8,419,16.0,17.98,27.3,44602,28.4,8,43.7,13.66,66.3,23.4,45118.06,1139472231,11.5,Developed
United States,2003,67.2,211.8,355,16.1,10.02,43.3,6562,50.0,115,88.2,13.77,40.5,28.3,48851.31,434312874,7.0,Developed
United States,2004,67.4,341.6,457,8.11,6.47,74.2,19660,18.0,128,78.9,12.36,44.4,22.0,47600.0,143583704,3.1,Developed
United States,2005,70.3,92.1,246,13.98,14.0,81.8,15890,36.4,81,74.6,7.65,43.3,25.0,5828.42,593273365,4.5,Developed
United States,2006,69.6,333.3,77,3.51,3.42,34.5,21461,18.5,60,65.9,9.91,83.2,18.0,18728.06,941281929,7.4,Developing
United States,2007,69.8,212.4,312,7.73,2.2,97.1,47186,34.0,139,95.5,1.7,87.8,7.7,50226.49,914735994,12.5,Developed
United States,2008,68.8,80.9,374,10.26,11.18,42.3,43575,41.2,221,59.1,11.85,89.7,8.5,57979.38,592516937,18.3,Developed
United States,2009,68.3,175.9,428,4.28,7.06,11.2,46733,55.9,124,70.4,4.76,59.9,8.0,79784.74,1047775591,12.1,Developed
United States,2010,67.6,250.3,21,10.23,11.04,80.6,6460,45.1,60,96.7,5.06,70.0,21.3,48383.7,845661160,14.9,Developing
United States,2011,68.2,154.2,403,7.49,8.83,86.8,2442,62.2,221,76.2,1.44,69.1,0.8,75686.79,212280407,7.3,Developed
United States,2012,70.1,304.8,129,6.1,12.61,41.4,16298,31.0,24,52.4,12.88,73.8,23.1,13015.25,1199421868,15.9,Developed
United States,2013,68.3,272.2,385,5.93,14.86,85.2,5824,33.7,275,81.1,15.22,45.7,24.9,8283.59,194302272,13.5,Developed
United States,2014,69.0,277.0,103,4.51,13.03,41.2,28689,60.1,81,96.2,6.49,37.7,17.5,72724.66,1379445361,12.1,Developing
United States,2015,69.2,169.4,356,1.3,2.59,73.3,43462,37.0,134,40.1,6.78,54.4,4.1,30942.16,631271772,13.0,Developing
United States,2016,70.1,297.8,125,9.32,12.35,34.4,32407,28.6,112,46.9,4.84,74.7,6.6,1190.98,523399244,19.4,Developed
United States,2017,71.2,301.4,212,9.46,17.97,27.1,12193,57.9,297,57.6,10.78,92.3,11.7,21067.08,781717309,16.5,Developed
United States,2018,69.9,327.7,120,5.45,7.07,95.3,8814,33.1,126,84.9,10.84,36.7,27.5,78843.24,1021738947,11.6,Developing
United States,2019,71.4,292.2,309,3.88,6.92,72.5,36311,56.6,114,62.1,10.76,33.7,18.6,39871.21,936798558,3.2,Developing
United States,2020,72.3,245.1,458,5.92,15.75,23.2,44696,34.7,141,69.3,17.1,80.2,21.4,39366.62,286481514,19.8,Developing
United States,2021,71.6,248.5,158,9.16,12.47,39.4,37346,55.5,260,95.3,3.45,67.2,20.5,25293.8,14649934,19.5,Developing
United States,2022,71.4,85.9,500,1.22,2.08,46.8,10564,52.4,127,97.6,14.15,98.3,25.1,2553.11,1063050824,15.1,Developed
United States,2023,70.9,76.7,484,6.87,12.92,71.0,26710,35.9,242,39.6,6.84,36.6,10.7,56639.58,541296231,11.0,Developing
United Kingdom,2000,62.3,244.2,41,5.78,13.78,56.6,1336,59.3,31,97.8,2.01,55.7,5.1,77095.26,1136378633,2.2,Developed
United Kingdom,2001,63.1,165.4,14,13.6,10.66,43.4,4547,62.9,96,73.9,9.47,66.9,29.3,7937.87,1467220196,18.4,Developed
United Kingdom,2002,60.5,261.9,450,13.13,9.62,82.5,29170,19.4,19,94.5,16.1,84.8,3.7,74752.99,625943192,3.9,Developing
United Kingdom,2003,61.7,227.0,85,15.3,9.46,63.7,40186,61.2,232,94.1,10.32,56.8,13.5,9487.25,1190797757,3.2,Developing
United Kingdom,2004,62.3,295.3,96,13.5,1.71,15.2,31485,56.1,50,88.5,2.55,75.2,27.4,45127.14,1142401705,11.4,Developing
United Kingdom,2005,63.6,134.8,69,7.62,4.37,94.0,27939,37.0,193,35.7,1.41,37.2,16.9,48851.13,657010056,11.0,Developed
United Kingdom,2006,63.4,208.3,21,3.21,2.52,89.4,49011,60.3,277,42.0,6.33,33.3,0.9,77348.1,826669453,5.4,Developing
United Kingdom,2007,61.9,297.1,350,14.85,13.56,56.6,11684,41.9,22,92.8,2.68,95.5,26.8,57050.36,156787885,14.9,Developed
United Kingdom,2008,64.0,54.7,472,6.49,16.31,20.4,19034,18.2,123,75.5,16.56,52.8,5.4,31315.28,490524764,8.7,Developed
United Kingdom,2009,65.2,63.4,72,10.18,11.57,33.0,27711,50.0,158,44.1,15.94,80.8,8.3,55284.44,893211317,16.8,Developed
United Kingdom,2010,63.7,295.0,249,4.32,1.18,71.6,2739,50.7,229,38.9,12.72,34.9,3.5,12882.12,1049224815,3.2,Developed
United Kingdom,2011,66.4,100.2,378,4.37,12.58,92.8,26096,31.4,146,49.6,10.69,37.5,3.7,65865.62,434162497,19.1,Developed
United Kingdom,2012,64.8,60.7,245,1.87,4.89,84.1,12089,21.9,34,46.7,11.46,60.2,4.4,47840.72,88258299,13.9,Developing
United Kingdom,2013,65.8,280.6,371,5.41,10.67,94.4,22370,58.4,128,93.6,6.95,43.8,19.4,31426.69,328874406,19.0,Developing
United Kingdom,2014,65.1,150.8,369,7.47,15.81,16.2,16107,46.3,147,68.4,3.44,96.5,1.8,54844.07,880405454,11.3,Developing
United Kingdom,2015,66.4,235.6,86,12.31,6.47,13.4,6802,50.2,3,56.3,10.57,86.1,23.1,9747.44,482248889,15.7,Developing
United Kingdom,2016,64.9,244.7,466,8.1,10.72,44.4,44932,47.0,230,92.8,5.04,63.8,7.6,78414.46,1367397626,10.2,Developing
United Kingdom,2017,65.3,186.3,450,6.13,3.45,66.7,11426,63.3,198,98.9,15.99,55.4,0.7,64474.95,309302802,2.8,Developed
United Kingdom,2018,65.3,118.1,205,2.13,11.65,28.5,26594,37.8,213,61.8,8.69,95.7,14.0,27156.55,1428978551,9.2,Developing
United Kingdom,2019,64.6,123.8,364,3.25,4.31,87.8,43209,54.9,186,92.1,10.32,82.7,12.3,51591.2,458617150,9.1,Developed
United Kingdom,2020,67.2,140.1,426,16.25,15.79,46.7,13068,28.2,282,91.4,12.21,94.7,13.0,75467.3,51286123,14.5,Developed
United Kingdom,2021,67.2,220.2,88,4.65,13.68,60.1,10214,48.1,294,83.9,4.36,58.4,14.1,69468.8,280464904,15.7,Developed
United Kingdom,2022,65.5,233.7,376,10.68,1.6,18.6,4283,22.0,4,93.5,15.78,52.9,2.8,74538.7,766099587,5.7,Developing
United Kingdom,2023,68.8,337.4,157,14.29,7.17,90.9,38236,60.5,228,62.8,12.96,50.0,3.1,45038.63,326553807,4.9,Developing
Germany,2000,68.9,215.7,240,11.9,5.78,85.5,16344,63.9,75,92.7,2.65,32.7,26.4,37930.48,1024192108,5.1,Developing
Germany,2001,69.2,225.9,418,6.17,8.5,60.9,29316,60.0,251,95.3,10.64,91.1,29.6,70941.96,148040134,5.2,Developed
Germany,2002,68.8,83.3,478,13.45,12.37,95.6,21017,31.7,42,54.5,17.72,64.1,18.7,47307.75,363153922,8.6,Developed
Germany,2003,68.0,107.6,143,16.69,16.37,12.1,20877,60.6,26,74.8,12.91,48.2,29.9,27133.92,586012019,15.5,Developed
Germany,2004,69.7,59.4,446,16.63,11.61,75.4,1259,32.2,102,92.4,7.46,32.5,20.2,55809.12,720870492,8.6,Developed
Germany,2005,69.6,172.2,175,2.26,6.89,33.3,12642,41.0,136,35.7,8.65,76.4,24.2,73084.67,1092720950,18.1,Developing
Germany,2006,71.2,82.1,38,3.02,2.1,60.9,15528,54.6,38,30.7,1.23,85.7,26.1,49473.36,335630981,12.5,Developed
Germany,2007,69.1,239.3,169,13.37,2.8,20.9,46147,24.5,41,42.8,13.21,36.3,13.0,54910.96,451541953,2.9,Developing
Germany,2008,69.9,107.8,418,3.36,17.79,63.9,12193,40.1,31,60.5,9.63,35.5,29.2,21208.28,1164032777,12.4,Developing
Germany,2009,72.1,260.0,359,12.95,4.2,85.5,49563,64.6,83,57.2,15.21,50.5,12.4,51319.48,468805976,9.7,Developed
Germany,2010,71.3,246.5,495,11.62,5.78,24.4,4038,21.0,176,92.3,2.03,82.1,13.0,53988.0,957731697,2.2,Developing
Germany,2011,70.3,145.5,394,15.58,7.15,70.6,44446,63.1,291,48.1,15.28,61.1,22.3,38539.81,1073186700,7.4,Developed
Germany,2012,70.3,107.1,300,2.91,12.74,46.5,30254,33.2,206,62.0,16.28,61.2,4.3,60094.06,901178032,19.1,Developing
Germany,2013,75.4,286.5,195,16.83,11.75,45.5,914,38.4,88,40.4,17.08,45.0,0.6,37888.6,581832016,8.1,Developing
Germany,2014,71.6,298.9,437,9.34,4.87,53.3,47430,41.5,222,95.4,3.72,96.9,1.9,76922.87,143779707,19.2,Developed
Germany,2015,72.4,232.3,72,4.01,17.04,81.5,27285,41.1,157,73.6,6.76,51.4,18.6,49007.82,1286691436,4.3,Developed
Germany,2016,72.0,256.6,65,6.29,17.5,15.6,29299,35.4,126,44.5,6.55,46.1,26.2,25140.46,1022705260,16.2,Developed
Germany,2017,73.6,223.2,169,11.87,16.33,95.9,41463,44.9,117,78.9,11.36,86.1,7.5,45151.18,41755361,7.6,Developing
Germany,2018,72.5,146.5,270,8.35,11.24,89.3,47698,30.5,230,56.9,4.28,83.1,21.4,29229.84,126847178,10.5,Developing
Germany,2019,73.5,239.9,167,6.06,11.55,60.0,17875,63.0,248,98.0,11.28,67.0,24.7,51738.16,1283408714,12.9,Developed
Germany,2020,73.2,108.5,409,8.58,5.22,43.5,45917,56.5,5,50.6,4.47,50.4,1.0,51590.26,905099497,3.4,Developed
Germany,2021,72.0,282.7,75,7.6,7.49,24.0,29107,53.6,55,94.6,8.75,43.6,18.2,22924.07,1259556931,4.3,Developing
Germany,2022,75.2,215.8,188,2.42,15.14,43.4,1668,47.6,165,57.3,6.55,87.7,1.1,22776.13,1214753015,15.6,Developing
Germany,2023,75.4,315.0,28,12.29,13.13,54.2,4449,24.6,52,66.1,16.98,46.2,22.7,77791.09,726288892,3.5,Developed
France,2000,74.0,207.4,328,13.43,12.81,58.8,5863,56.3,229,41.0,13.97,89.9,6.9,4709.83,1467952187,12.0,Developing
France,2001,75.5,242.9,357,3.84,1.72,29.5,15247,62.6,70,64.5,6.49,82.2,20.1,1736.61,622095876,10.9,Developed
France,2002,75.4,226.9,106,3.91,9.35,41.1,5283,45.3,188,65.1,15.09,57.4,4.7,786.53,1348032083,15.4,Developed
France,2003,75.8,129.7,191,8.69,3.72,27.9,39820,30.0,100,52.6,5.43,38.2,8.6,2499.63,1295822606,19.4,Developed
France,2004,76.2,166.2,54,12.63,15.86,27.8,37369,52.6,152,87.5,12.46,91.2,24.6,29002.88,116853437,13.7,Developing
France,2005,76.7,220.1,452,14.34,4.69,12.1,810,28.2,92,89.4,4.51,95.3,11.7,26323.23,839238660,12.8,Developing
France,2006,77.5,229.0,407,16.78,15.58,32.1,40394,23.0,0,88.8,11.53,89.1,28.4,74426.72,651746510,10.0,Developing
France,2007,76.1,79.2,188,3.67,4.24,47.7,24433,21.6,213,75.1,6.06,32.4,3.7,11518.68,981344645,18.7,Developing
France,2008,77.9,335.7,405,0.53,16.83,52.4,940,23.3,120,61.4,16.07,77.9,8.3,2000.2,1209628609,10.6,Developing
France,2009,78.0,114.6,203,11.53,1.51,54.3,30520,37.4,6,69.8,1.75,34.3,23.1,22609.67,604763975,14.9,Developing
France,2010,77.3,131.6,446,3.21,12.72,82.1,42610,20.1,288,87.6,8.4,95.7,14.7,18675.37,101664233,7.2,Developing
France,2011,77.3,229.4,233,13.95,10.26,43.2,24331,52.1,276,40.1,13.5,53.9,5.3,32261.98,1004014622,19.7,Developed
France,2012,78.6,316.8,345,9.22,7.13,48.4,39462,29.9,70,53.0,7.1,62.2,22.6,68971.64,352880336,18.0,Developed
France,2013,79.1,201.9,440,16.71,3.47,40.4,41464,57.1,81,88.7,10.75,97.4,23.8,66009.9,851255532,3.5,Developed
France,2014,80.3,213.2,266,1.77,1.07,93.2,43557,62.3,116,77.2,14.39,63.8,9.8,66950.21,801803158,11.9,Developed
France,2015,76.2,206.9,419,6.68,10.81,76.7,45075,53.3,54,45.6,11.95,40.7,20.8,60314.85,1380149,18.1,Developing
France,2016,76.2,258.5,156,4.12,7.9,83.4,35518,48.0,97,31.6,1.53,38.4,5.7,62130.21,153293230,3.2,Developed
France,2017,78.7,335.3,216,16.06,12.25,10.9,39161,32.1,198,55.9,6.16,72.7,27.6,50890.52,1274279769,2.8,Developed
France,2018,80.0,155.4,130,11.91,15.64,44.2,35325,54.2,216,77.5,11.54,54.2,29.1,39326.62,58786709,8.8,Developed
France,2019,78.9,277.7,44,8.08,10.24,17.4,47466,57.0,48,61.4,13.73,46.7,29.5,2940.5,665419586,11.9,Developed
France,2020,79.5,53.1,65,10.09,12.48,12.5,33180,38.9,257,42.5,5.67,69.0,24.1,42945.9,104714404,6.6,Developing
France,2021,80.5,259.5,251,2.96,8.68,86.0,2609,31.6,169,59.4,12.68,96.8,2.4,38675.27,534915045,2.1,Developing
France,2022,79.7,104.8,174,14.72,10.92,53.9,46781,38.9,59,37.0,3.37,81.1,28.4,45109.11,940906773,10.9,Developed
France,2023,79.6,56.2,268,15.26,7.26,58.4,27434,40.3,142,60.1,12.93,34.6,2.7,70246.93,1427537350,8.4,Developed
Brazil,2000,68.8,91.3,12,2.76,10.7,69.2,29235,49.0,279,55.8,5.47,34.6,23.7,15003.71,887560000,4.1,Developing
Brazil,2001,71.2,119.7,75,5.11,13.69,44.8,24370,20.8,6,37.8,12.32,70.4,0.4,70454.69,294437964,7.8,Developing
Brazil,2002,70.2,106.6,243,8.14,4.64,25.3,36243,47.8,277,89.2,2.21,76.0,25.7,11803.13,146116042,10.6,Developing
Brazil,2003,67.9,219.8,126,10.66,8.03,65.7,14768,56.9,208,34.1,8.34,90.1,23.4,2407.69,1442470234,15.1,Developed
Brazil,2004,68.4,310.1,383,15.43,9.15,94.5,33393,59.8,80,46.7,9.86,64.3,2.3,48065.78,896280239,3.2,Developing
Brazil,2005,70.6,261.3,397,2.48,11.9,42.9,25773,31.2,174,50.9,10.1,52.6,9.3,75889.98,1098408950,10.8,Developing
Brazil,2006,69.5,196.9,175,9.06,11.48,15.6,41230,30.6,138,90.4,11.11,45.7,27.8,26068.32,514239351,12.2,Developed
Brazil,2007,70.2,341.7,98,14.04,9.8,46.6,17295,46.1,96,83.0,16.14,39.6,23.1,23742.22,1475643266,14.3,Developed
Brazil,2008,70.6,206.0,60,12.32,15.89,66.8,13482,46.1,172,42.6,12.01,64.3,7.4,38850.6,581510783,18.8,Developed
Brazil,2009,71.6,211.2,74,4.34,2.22,21.1,24678,56.2,201,30.2,4.21,94.5,27.8,36489.89,1182599384,12.5,Developed
Brazil,2010,69.7,129.7,218,10.68,9.32,19.6,28650,36.2,61,39.6,3.09,82.4,29.8,3474.56,151025105,7.0,Developed
Brazil,2011,70.8,88.2,49,15.74,12.67,28.2,43273,44.6,5,37.7,17.61,79.7,8.6,19406.29,473486158,13.1,Developed
Brazil,2012,71.9,120.9,11,9.42,6.38,29.6,25118,27.5,8,95.9,2.55,81.1,29.4,21724.39,1044329131,4.2,Developing
Brazil,2013,70.9,303.6,113,4.12,11.36,89.4,14440,31.1,1,46.5,6.24,70.0,18.0,31058.92,458346841,6.2,Developing
Brazil,2014,70.6,95.1,454,6.54,11.46,43.8,35472,54.0,105,90.8,9.36,84.5,15.8,25901.99,1071763383,11.1,Developed
Brazil,2015,72.3,301.5,310,3.5,3.46,16.9,45805,50.1,86,84.4,4.52,51.7,12.2,20051.5,624327996,18.2,Developed
Brazil,2016,71.0,57.3,478,9.58,11.97,15.8,46731,55.6,199,69.4,7.11,31.4,13.1,35737.14,910929029,3.6,Developed
Brazil,2017,71.4,154.5,137,6.24,17.95,52.6,11045,28.3,299,74.5,11.18,85.9,25.4,78337.09,783012075,2.9,Developing
Brazil,2018,74.2,77.7,356,9.4,5.26,56.7,16721,39.3,150,39.8,8.41,90.1,5.7,32875.26,357932615,11.4,Developing
Brazil,2019,73.7,311.5,317,0.9,12.13,79.8,48568,26.3,280,62.4,8.2,41.6,0.6,76915.1,1294247384,14.8,Developing
Brazil,2020,72.8,284.9,273,2.12,8.86,77.7,47396,26.4,273,94.3,5.18,30.6,25.7,61354.7,1102287184,16.6,Developing
Brazil,2021,72.1,168.1,85,0.83,3.65,21.8,39909,57.2,293,84.0,8.86,61.4,21.3,57131.69,348178975,13.5,Developing
Brazil,2022,74.0,50.2,235,9.0,9.33,77.1,36065,43.4,206,91.3,8.93,74.7,15.6,62953.5,1240211415,14.9,Developed
Brazil,2023,73.7,275.5,268,15.93,3.84,86.4,8273,55.8,105,35.1,17.91,88.1,3.6,72352.38,821667720,8.8,Developed
Japan,2000,54.0,114.7,396,10.86,3.5,87.0,49725,53.2,154,57.3,3.42,92.1,27.1,20383.01,857459629,10.4,Developed
Japan,2001,56.0,161.5,104,7.88,8.07,14.6,9537,60.2,51,50.4,1.9,62.1,11.7,52343.88,930781483,3.4,Developed
Japan,2002,55.3,193.1,478,16.68,15.4,16.0,21722,27.1,259,41.5,17.87,40.1,21.4,21714.77,53107435,11.2,Developed
Japan,2003,57.2,57.2,206,5.69,11.42,40.9,21400,31.4,26,85.3,10.96,91.0,22.8,34785.97,1103845698,2.7,Developing
Japan,2004,57.0,297.4,169,11.23,8.48,74.3,17505,24.8,100,36.4,7.53,57.2,1.4,24372.24,285590816,5.5,Developing
Japan,2005,56.6,175.3,422,15.02,8.26,60.6,13802,18.0,33,41.3,1.64,80.2,23.6,17683.74,355731728,18.6,Developed
Japan,2006,58.0,293.5,175,10.49,17.65,85.7,16913,45.1,280,91.4,14.84,52.8,20.0,42231.39,1434086204,14.3,Developed
Japan,2007,58.0,291.9,398,15.24,4.85,12.0,31679,30.8,260,50.7,17.54,98.4,1.6,47417.09,553382586,3.9,Developing
Japan,2008,55.4,115.7,489,4.24,16.39,92.4,45703,43.5,185,58.5,7.8,69.1,9.0,19551.04,1338107177,10.7,Developing
Japan,2009,56.8,282.5,474,15.12,8.41,82.5,10095,37.5,15,53.0,7.3,51.3,14.6,79824.32,851243700,12.6,Developed
Japan,2010,57.0,123.0,411,2.81,3.71,39.1,24697,58.1,51,35.7,14.54,30.6,16.3,39513.35,198345047,18.8,Developing
Japan,2011,58.2,347.6,1,8.02,1.56,35.9,24036,49.9,182,76.0,2.49,41.4,9.4,8177.71,1251789843,3.5,Developing
Japan,2012,56.6,107.7,87,15.25,15.01,53.6,17519,45.9,269,34.9,11.42,39.6,13.9,68221.16,338101132,13.6,Developing
Japan,2013,57.0,198.9,114,11.72,1.54,85.8,43582,25.7,242,85.9,7.1,65.1,8.9,56511.46,861442869,9.5,Developing
Japan,2014,59.0,249.9,107,4.1,3.53,23.8,5207,20.8,60,40.2,17.97,38.7,21.7,22741.53,714628388,14.4,Developing
Japan,2015,56.8,265.6,222,6.97,16.81,69.5,44016,43.9,300,50.9,13.05,91.8,19.7,29263.9,839324330,5.4,Developing
Japan,2016,60.7,291.1,199,3.18,9.46,68.6,26049,54.8,165,61.0,14.87,81.4,21.3,52740.7,1216797094,17.6,Developing
Japan,2017,59.6,52.2,401,2.8,5.26,18.3,21925,25.0,71,46.6,11.27,96.0,27.2,57718.59,897469413,2.7,Developing
Japan,2018,58.2,290.1,190,5.74,2.78,78.7,32838,27.5,75,52.9,12.2,80.8,15.2,42563.35,1135550096,19.9,Developing
Japan,2019,58.3,180.5,486,12.43,1.67,95.8,38730,43.7,275,98.8,8.76,49.6,0.6,47227.76,134958687,10.5,Developed
Japan,2020,61.6,232.6,118,15.69,15.19,29.8,17347,32.1,19,86.4,12.36,70.0,11.9,541.94,492348026,2.7,Developed
Japan,2021,58.9,121.7,1,7.32,17.3,81.4,17932,43.2,279,94.9,1.28,89.9,22.0,61388.98,657668350,15.8,Developing
Japan,2022,58.7,210.2,282,4.9,2.97,30.9,25495,44.4,168,42.2,12.15,31.0,12.9,26436.23,527514063,19.0,Developing
Japan,2023,60.3,79.8,476,12.74,5.39,68.5,44027,30.1,82,92.5,4.47,41.3,3.0,74552.97,664729912,20.0,Developing
China,2000,57.3,331.1,488,4.08,14.24,80.7,17698,63.4,58,82.8,6.74,64.5,25.1,42860.43,1096990836,4.2,Developed
China,2001,57.7,285.6,182,13.42,7.01,44.5,12405,43.6,128,80.0,16.49,72.8,29.1,61365.42,136321287,4.9,Developed
China,2002,58.4,210.4,245,16.85,13.87,41.3,22294,58.1,221,37.1,9.71,86.0,6.4,15373.47,1369097708,10.7,Developing
China,2003,59.2,342.8,381,3.86,12.17,91.2,32399,44.2,234,56.7,11.92,43.7,1.4,36342.17,8092371,12.3,Developing
China,2004,60.2,244.6,212,12.75,1.13,38.1,30374,22.0,49,71.0,10.54,38.0,4.2,39648.76,1184661798,15.1,Developed
China,2005,57.9,85.9,415,0.56,15.2,38.2,20451,43.2,217,50.2,15.6,33.8,9.1,77133.42,294132348,14.5,Developed
China,2006,59.1,304.9,38,16.58,7.18,54.3,48406,32.1,11,31.8,5.85,42.7,2.9,11166.49,1127430871,12.9,Developing
China,2007,58.5,158.8,48,16.57,14.06,38.3,8108,26.6,108,70.2,2.34,33.4,9.4,60898.63,1162546492,18.4,Developing
China,2008,59.1,223.2,353,9.29,16.41,68.6,6582,60.1,20,51.5,15.93,36.4,10.1,59339.33,294072552,3.2,Developing
China,2009,57.7,82.0,244,0.73,14.76,46.1,7005,30.4,287,91.8,5.21,53.1,5.6,73469.42,223167293,13.4,Developing
China,2010,57.5,88.0,377,16.27,15.69,55.4,26732,18.2,267,90.4,10.8,80.4,25.3,39513.69,511011491,3.1,Developing
China,2011,59.6,234.0,198,3.28,9.97,40.6,26510,63.8,210,92.8,5.89,47.2,25.7,10146.97,902524560,6.6,Developed
China,2012,60.0,227.2,382,4.31,3.18,26.4,41996,45.3,127,39.1,1.68,98.9,22.4,58553.95,1469125212,9.1,Developing
China,2013,59.7,133.0,57,9.77,12.08,73.8,45627,18.6,54,53.6,8.6,40.1,19.5,10034.88,791999261,7.9,Developed
China,2014,59.0,132.5,339,3.43,11.8,28.4,23145,26.8,124,63.8,17.14,60.2,7.6,34776.81,340701863,3.1,Developing
China,2015,60.9,274.5,268,4.92,8.03,88.4,9220,31.3,90,59.4,1.23,84.2,15.9,47001.46,747087118,7.5,Developing
China,2016,58.8,132.7,244,16.38,5.58,52.8,28713,60.5,8,83.9,11.97,56.5,29.6,44229.38,1378545047,18.8,Developing
China,2017,60.9,130.3,189,8.88,12.73,34.2,43141,42.3,158,81.5,1.35,69.1,26.6,19449.82,607437012,6.5,Developing
China,2018,60.7,216.8,314,9.77,16.72,92.0,41125,41.4,270,30.2,17.3,52.6,20.7,44399.02,1219765630,8.1,Developed
China,2019,59.4,108.0,55,12.46,13.25,47.8,45614,55.8,300,43.8,7.83,88.1,18.1,45208.96,206451558,8.8,Developing
China,2020,61.7,307.3,182,8.02,5.1,39.7,14914,38.2,287,31.1,2.3,69.0,4.2,32976.68,94324596,5.7,Developed
China,2021,60.7,210.5,378,1.24,12.58,96.9,28919,51.8,113,80.9,4.71,36.7,7.8,73472.64,878717557,4.2,Developed
China,2022,60.2,317.9,47,5.8,5.02,20.6,16404,55.2,274,81.5,16.95,46.6,14.3,22311.1,358810799,13.8,Developing
China,2023,60.0,327.9,250,13.89,4.68,46.7,21675,22.7,257,70.2,16.72,49.2,12.9,28046.91,766536214,15.6,Developing
Australia,2000,56.9,56.4,140,3.28,14.98,30.8,2962,52.4,100,87.1,4.36,50.4,1.9,36067.47,1328632630,4.4,Developing
Australia,2001,56.7,267.7,370,3.48,11.66,88.3,19634,57.2,221,40.6,2.08,92.2,14.3,808.3,804409177,2.6,Developing
Australia,2002,55.3,82.6,391,2.69,2.24,46.9,28483,28.8,85,48.4,9.84,68.3,20.3,76007.36,1270729388,18.2,Developed
Australia,2003,54.4,315.9,80,14.09,11.1,68.8,14128,62.8,217,41.9,15.22,60.7,9.5,48581.25,43109262,5.5,Developed
Australia,2004,55.6,328.2,447,9.89,14.54,21.3,3525,28.8,273,95.5,2.92,63.1,27.3,46536.85,290478763,3.0,Developing
Australia,2005,57.6,211.7,118,13.58,5.09,14.5,39773,43.6,37,46.7,10.39,53.4,16.2,20920.73,713227475,11.9,Developing
Australia,2006,58.0,301.4,71,13.65,4.75,66.6,33944,24.9,226,34.9,13.26,67.7,22.2,25883.02,353650182,14.3,Developed
Australia,2007,57.4,59.0,391,0.21,1.46,69.2,1586,58.6,15,35.8,3.8,81.2,19.1,6668.84,1477475131,5.4,Developing
Australia,2008,55.4,244.3,29,13.39,13.72,63.8,47135,25.0,180,51.6,12.43,84.8,15.2,23330.97,627461425,6.7,Developing
Australia,2009,58.3,213.7,75,10.21,10.8,52.4,32187,42.5,39,40.4,15.01,49.9,18.7,3588.29,814952492,10.4,Developed
Australia,2010,57.4,64.7,338,4.45,5.18,40.7,22379,22.2,264,49.0,3.55,56.1,3.8,33155.2,578652028,11.2,Developed
Australia,2011,58.0,160.9,25,6.23,14.97,79.9,24597,52.3,282,79.3,11.63,33.7,6.3,32932.64,1319103365,12.0,Developed
Australia,2012,58.2,237.3,325,16.2,15.55,56.8,8242,21.0,137,85.3,16.78,89.7,7.7,42380.35,1193657318,18.5,Developing
Australia,2013,58.1,128.5,375,4.4,15.57,25.8,31040,41.4,127,65.6,7.43,82.7,15.9,5320.44,575194923,6.4,Developing
Australia,2014,59.2,253.4,371,2.91,10.71,69.6,47877,32.5,152,40.9,5.13,59.0,21.5,29586.87,1134660804,9.8,Developing
Australia,2015,59.5,142.9,398,4.29,8.85,13.6,25571,31.7,199,40.8,17.08,55.8,8.8,69902.66,400797010,9.3,Developing
Australia,2016,58.8,213.0,95,5.0,17.31,91.1,1524,49.4,240,56.0,7.99,49.3,8.8,46141.61,1139028575,11.1,Developing
Australia,2017,58.2,281.6,374,1.86,5.1,72.1,33996,26.4,141,52.9,17.53,62.1,25.0,5110.1,1478121308,8.1,Developed
Australia,2018,59.2,305.9,122,3.49,4.67,96.3,23269,27.1,269,47.8,6.36,78.9,11.9,17905.93,303788710,16.5,Developing
Australia,2019,59.2,78.4,307,7.74,8.93,88.2,8111,43.6,101,46.6,2.55,76.8,14.8,10949.62,1383140098,7.8,Developing
Australia,2020,60.7,60.4,39,16.26,16.61,64.5,33088,41.3,167,98.4,2.62,96.3,25.8,62357.28,1126399499,18.1,Developing
Australia,2021,60.2,323.5,106,13.95,17.95,12.6,6995,33.7,212,37.7,3.17,71.2,27.7,19701.99,810326525,8.0,Developed
Australia,2022,60.1,343.7,61,16.33,16.43,91.6,40701,50.0,200,55.4,14.47,39.2,1.8,25035.98,152383838,16.6,Developed
Australia,2023,61.1,82.7,149,3.85,7.75,52.5,1728,45.6,208,43.4,14.85,40.9,6.5,48236.77,317674878,3.3,Developed
South Africa,2000,62.2,126.5,18,11.83,15.57,36.2,34057,43.2,21,87.2,11.72,83.7,10.2,39491.57,849422377,9.7,Developing
South Africa,2001,63.0,205.8,49,1.99,3.19,79.4,1177,62.1,98,90.4,1.94,91.1,10.9,31946.86,1304540419,3.6,Developing
South Africa,2002,61.7,71.8,481,12.67,2.7,25.6,14326,29.9,174,54.5,14.9,65.1,5.6,45848.91,1042458755,13.3,Developed
South Africa,2003,64.0,177.3,287,10.95,3.42,28.8,34373,57.1,148,81.7,1.69,46.7,26.9,595.73,1133563083,19.7,Developing
South Africa,2004,62.8,308.9,467,9.36,16.19,22.1,3022,28.0,191,72.4,3.11,37.1,11.2,55350.4,38871043,12.9,Developing
South Africa,2005,64.0,202.2,289,9.88,2.1,35.8,37623,26.5,8,79.3,8.7,47.6,24.2,32347.83,1283973887,14.7,Developed
South Africa,2006,63.8,162.8,399,11.17,15.11,67.1,49774,46.2,233,36.2,9.88,40.0,23.5,46426.51,1367568199,19.1,Developing
South Africa,2007,62.5,94.1,289,1.76,1.36,54.5,20289,44.8,99,95.8,16.14,37.5,25.2,64604.78,479048793,7.3,Developing
South Africa,2008,64.2,219.2,491,15.94,7.93,72.3,36563,40.2,203,74.2,8.77,58.8,26.8,51426.49,373578815,15.5,Developed
South Africa,2009,63.2,218.5,370,3.89,11.31,39.0,43420,46.3,185,74.9,16.27,65.9,19.8,44980.03,37679395,17.0,Developed
South Africa,2010,65.4,338.0,454,11.28,17.69,90.3,37110,46.7,174,32.1,14.68,84.1,12.2,61095.8,1169405750,14.2,Developed
South Africa,2011,62.7,248.3,47,13.32,7.5,43.7,26668,47.6,110,31.0,9.19,59.4,20.2,54916.55,313026079,15.8,Developed
South Africa,2012,62.3,275.1,128,14.34,14.21,45.5,9761,29.3,159,88.6,5.62,92.0,25.7,66635.89,352814447,10.6,Developing
South Africa,2013,63.8,50.3,341,14.49,8.38,44.8,25512,20.9,28,38.1,17.65,56.7,6.1,6680.89,415279218,16.7,Developed
South Africa,2014,66.1,57.6,484,1.14,9.97,64.5,18300,21.8,37,89.2,6.46,61.3,23.2,69059.3,1120673536,5.5,Developed
South Africa,2015,63.8,242.6,321,2.45,13.41,29.6,18336,30.7,253,60.4,11.18,57.0,1.8,75445.89,300168969,15.1,Developed
South Africa,2016,65.0,153.4,284,13.58,13.68,53.8,40985,56.8,196,93.7,17.69,69.0,28.0,5530.17,566060456,2.4,Developed
South Africa,2017,64.6,70.1,99,3.38,8.72,17.9,8694,62.8,160,54.7,16.82,44.0,27.5,32224.72,1003388877,11.8,Developing
South Africa,2018,65.4,348.8,464,2.8,2.73,63.7,30,35.9,112,81.8,5.05,65.4,20.1,10762.03,1064710902,11.8,Developed
South Africa,2019,66.4,162.8,97,3.72,2.26,69.4,19446,32.4,25,80.1,3.87,69.9,1.5,69157.0,631495640,11.2,Developing
South Africa,2020,65.7,65.9,231,3.49,5.25,19.0,30828,43.1,72,92.4,13.6,64.5,15.5,73230.61,161544751,2.3,Developing
South Africa,2021,67.0,241.7,449,8.36,14.95,57.7,11953,22.8,99,48.0,16.82,59.0,17.2,27342.98,1055171272,16.1,Developed
South Africa,2022,66.9,297.9,447,13.99,5.13,20.2,33770,26.3,163,58.2,6.75,69.5,13.5,59155.08,1058435952,16.1,Developed
South Africa,2023,68.1,170.8,474,16.91,8.71,72.3,26388,58.5,254,46.3,7.89,83.8,4.5,63433.84,784116866,15.8,Developed
Nigeria,2000,71.3,104.1,322,5.94,12.46,17.7,25779,49.9,187,31.0,6.7,98.2,28.1,55002.45,869690612,12.2,Developing
Nigeria,2001,70.8,206.9,394,15.93,2.24,60.8,21455,44.7,233,82.1,17.23,68.5,16.1,54612.59,505229354,9.7,Developed
Nigeria,2002,70.4,335.9,64,15.17,1.64,39.4,2222,62.7,117,75.7,10.22,97.3,18.0,55374.23,1089649941,19.4,Developing
Nigeria,2003,68.2,139.4,310,5.75,13.5,55.6,41255,21.1,43,49.6,8.68,67.7,13.8,64858.7,76978785,14.5,Developed
Nigeria,2004,72.3,120.6,278,6.83,7.64,27.4,43039,26.8,231,49.0,14.26,96.5,2.0,50299.95,990961782,10.9,Developed
Nigeria,2005,71.8,165.3,76,14.57,10.77,48.8,32586,51.8,78,87.8,3.2,65.6,6.0,79536.51,82090766,16.2,Developed
Nigeria,2006,70.8,243.1,349,10.63,5.04,14.6,17650,59.5,184,82.1,7.63,80.2,10.0,36639.51,82382545,2.6,Developing
Nigeria,2007,71.0,100.4,460,9.21,14.23,40.5,24545,30.6,93,94.5,7.68,71.0,6.0,28370.99,1313044489,7.3,Developing
Nigeria,2008,70.8,209.8,294,14.4,14.42,83.9,14561,58.7,99,67.7,16.33,69.5,3.2,32511.1,560009993,3.4,Developed
Nigeria,2009,71.0,106.0,389,5.75,17.82,53.0,22501,36.3,294,41.9,17.08,45.3,20.9,27597.34,1305635985,16.1,Developed
Nigeria,2010,73.2,331.9,54,9.52,7.65,42.6,42324,41.0,134,96.0,17.14,68.5,0.6,25771.22,1047574616,15.9,Developed
Nigeria,2011,73.0,297.5,114,0.14,6.21,65.5,44264,60.0,295,35.1,15.15,93.1,18.0,13352.23,427766686,11.4,Developed
Nigeria,2012,71.3,61.3,429,6.2,7.71,17.9,19244,39.3,167,87.1,4.44,44.9,5.3,49626.49,460665660,16.7,Developed
Nigeria,2013,71.8,268.4,486,8.92,5.05,47.9,20795,20.2,136,95.7,3.54,89.6,24.1,22821.61,187225354,2.6,Developed
Nigeria,2014,72.8,208.8,62,11.84,9.9,60.0,39653,52.4,67,82.3,1.11,54.9,7.1,41237.61,1197976716,17.4,Developed
Nigeria,2015,73.5,170.7,455,2.34,6.63,82.0,28059,37.6,166,89.6,10.92,58.7,22.7,43205.41,600403470,7.4,Developing
Nigeria,2016,73.8,203.1,379,15.18,5.75,66.3,48030,45.7,186,85.0,6.39,79.2,18.4,14386.45,276903862,7.5,Developing
Nigeria,2017,74.2,340.3,415,11.79,17.75,12.3,410,59.5,21,40.8,6.22,74.1,17.6,70296.94,156325490,19.3,Developing
Nigeria,2018,72.0,347.4,59,13.59,15.76,16.2,365,33.2,246,32.3,4.47,73.7,16.7,14735.49,215641604,7.1,Developed
Nigeria,2019,71.9,305.3,268,10.49,7.56,65.2,46972,41.1,255,96.5,12.74,94.6,12.7,71929.73,947277348,14.9,Developed
Nigeria,2020,73.2,51.9,187,14.38,17.74,72.6,24171,31.5,35,66.3,14.69,41.9,16.3,65345.21,287273947,5.4,Developing
Nigeria,2021,73.4,87.9,310,2.44,15.3,10.6,19979,47.3,30,56.0,1.14,36.2,7.4,21138.75,344021224,5.7,Developed
Nigeria,2022,73.3,280.1,206,8.82,2.48,50.6,11840,60.3,245,62.0,5.43,97.2,16.9,21397.3,291441894,8.8,Developing
Nigeria,2023,75.2,147.6,316,1.54,14.88,86.1,48621,39.3,283,46.6,2.74,33.7,26.1,57519.47,259794699,13.6,Developing
Mexico,2000,56.5,286.2,372,3.7,10.6,61.8,12199,63.0,14,52.5,3.93,69.8,17.0,49261.77,884734999,17.9,Developing
Mexico,2001,56.3,269.8,409,5.56,15.52,16.7,19870,29.1,281,39.9,16.24,52.4,11.0,77139.29,1240497618,17.4,Developing
Mexico,2002,56.1,130.0,62,8.32,11.96,75.6,32315,28.3,201,50.0,17.01,69.4,7.9,20460.92,1069798933,13.0,Developing
Mexico,2003,59.5,104.1,228,10.27,15.42,61.8,176,26.8,89,60.4,3.76,52.8,20.0,47752.48,1131824031,18.4,Developing
Mexico,2004,57.9,295.3,70,9.86,10.49,91.4,15927,24.1,14,86.1,13.8,36.8,23.8,31891.11,116688221,11.9,Developing
Mexico,2005,59.2,61.3,22,4.52,10.42,64.0,44958,59.6,265,64.7,15.68,60.2,20.5,55526.9,799378143,14.0,Developed
Mexico,2006,58.5,168.3,31,13.58,16.68,80.3,2650,27.5,142,97.5,5.02,56.8,2.6,45898.74,1232438475,7.8,Developed
Mexico,2007,59.4,69.9,427,14.82,17.22,87.6,37389,60.2,47,31.6,3.54,69.8,23.4,58435.39,1260414159,15.5,Developing
Mexico,2008,58.9,133.2,444,12.5,4.28,64.5,12866,60.8,295,58.7,8.99,44.5,17.8,7615.75,247425998,4.6,Developing
Mexico,2009,58.9,240.0,374,2.59,4.52,20.5,45009,61.4,235,58.3,13.8,39.6,3.5,61755.88,1446296467,3.6,Developing
Mexico,2010,58.4,324.0,21,2.07,13.27,49.7,47382,34.1,270,82.4,16.85,43.7,18.7,58428.54,79606350,7.3,Developing
Mexico,2011,59.2,179.4,172,3.55,1.23,25.9,42639,59.2,154,83.6,2.76,82.7,8.5,8216.6,610952667,2.4,Developed
Mexico,2012,58.7,151.1,4,9.8,6.55,22.0,39080,31.5,65,31.2,15.0,43.4,25.4,79566.45,751666296,15.0,Developing
Mexico,2013,58.9,293.1,376,11.14,14.69,29.1,43709,44.7,176,38.8,12.81,64.3,0.6,7954.01,974487069,4.1,Developed
Mexico,2014,60.4,214.9,276,6.24,6.22,92.2,13894,57.8,132,95.0,16.1,83.7,0.9,79209.98,115667692,9.6,Developed
Mexico,2015,61.9,234.3,245,3.93,9.41,15.4,39260,47.1,226,79.6,17.39,59.8,25.9,1985.96,490158453,4.3,Developed
Mexico,2016,57.5,82.1,163,4.45,15.69,83.7,44856,47.7,3,45.3,13.08,49.7,7.6,10150.64,1323244565,8.5,Developed
Mexico,2017,59.6,337.0,288,15.54,11.88,42.8,20202,47.3,189,60.6,12.51,98.9,11.2,34128.57,370503352,19.0,Developed
Mexico,2018,59.8,301.0,128,7.86,1.05,13.9,3892,54.2,263,38.5,4.52,85.6,22.1,33123.3,493701134,3.8,Developed
Mexico,2019,60.6,132.9,482,1.54,3.75,55.9,35676,18.6,49,86.1,12.39,60.9,4.5,2632.47,232418244,19.5,Developing
Mexico,2020,60.1,62.7,231,1.74,1.92,73.4,21767,21.7,24,86.1,5.89,96.9,28.6,39464.24,428511240,16.4,Developing
Mexico,2021,61.1,84.3,100,0.43,10.61,26.2,34844,58.4,181,60.8,12.96,71.1,14.9,16524.04,1205392095,2.1,Developing
Mexico,2022,62.9,283.1,310,6.85,14.98,91.8,28801,61.3,223,91.4,8.43,40.3,10.7,5313.15,516672542,17.0,Developed
Mexico,2023,61.3,55.7,29,16.66,7.85,47.9,20355,63.4,12,82.1,14.52,33.5,17.7,53389.61,267082504,18.5,Developing
Canada,2000,54.8,213.2,482,9.39,14.95,60.1,45870,58.3,138,69.6,6.36,76.1,21.3,25469.94,369726119,2.8,Developing
Canada,2001,54.6,292.3,152,11.0,11.16,54.2,25886,54.8,270,98.3,11.86,74.7,6.0,47307.31,1471460691,4.2,Developed
Canada,2002,55.0,137.8,210,15.44,17.24,23.2,31782,31.5,25,63.5,10.71,47.1,24.9,61023.17,938322085,5.3,Developed
Canada,2003,57.0,224.9,466,1.95,11.38,81.8,4390,51.4,135,41.4,8.32,98.2,19.8,2299.29,1003551422,2.9,Developed
Canada,2004,56.9,101.5,45,6.99,15.3,68.8,43205,19.3,132,36.6,16.83,94.6,28.3,63975.03,505211212,8.6,Developed
Canada,2005,55.4,320.2,459,1.91,17.59,95.7,47903,57.3,257,73.2,17.4,94.0,15.3,65262.45,151732502,19.5,Developed
Canada,2006,57.4,91.5,388,2.05,17.1,88.6,34206,42.1,119,69.4,8.49,65.0,13.2,1120.42,370702078,3.1,Developing
Canada,2007,56.4,127.9,23,7.13,6.44,69.3,11785,57.6,194,68.9,6.09,57.8,23.0,53505.1,339039449,11.2,Developed
Canada,2008,56.5,287.4,307,11.4,10.51,54.9,30366,52.1,200,69.9,17.98,94.2,14.4,50904.01,573766903,2.8,Developed
Canada,2009,56.1,118.8,60,4.4,14.44,80.3,27755,23.3,218,33.0,16.29,74.3,5.4,22872.57,1483861835,12.0,Developing
Canada,2010,57.0,82.1,476,7.83,14.56,81.6,43910,48.1,93,50.2,1.77,71.7,12.7,51244.39,1309688786,8.8,Developing
Canada,2011,58.6,266.1,479,10.4,1.44,50.3,20473,25.1,227,30.8,10.53,37.1,4.4,78501.86,763683687,12.4,Developing
Canada,2012,58.4,212.8,64,0.02,17.45,95.5,14549,30.5,204,66.8,9.53,72.4,26.4,11169.26,555292351,9.1,Developing
Canada,2013,57.2,347.2,385,8.97,11.23,16.1,1445,47.3,32,36.2,2.26,98.9,3.5,71705.57,533288306,8.4,Developing
Canada,2014,60.4,264.4,55,3.96,9.08,46.3,27,34.1,127,33.0,5.33,68.4,2.9,26729.57,47196179,18.4,Developed
Canada,2015,58.5,321.9,142,12.76,9.43,33.3,40388,22.6,162,74.9,15.84,78.1,8.3,63058.3,894292588,9.2,Developing
Canada,2016,57.1,319.0,476,12.71,14.13,21.3,16953,45.9,293,82.0,11.72,67.7,28.7,58412.96,860606630,10.3,Developing
Canada,2017,59.2,79.1,40,7.53,8.03,85.5,6854,55.0,167,73.0,16.62,73.2,28.4,43764.02,1323955310,13.9,Developing
Canada,2018,58.7,258.9,281,7.49,16.82,43.9,20470,50.4,46,52.6,11.0,97.5,24.1,4134.18,266638841,13.0,Developing
Canada,2019,58.1,67.6,351,13.28,17.91,31.9,25001,59.8,22,54.2,2.2,35.4,20.5,5137.0,1280014302,11.7,Developed
Canada,2020,59.8,173.2,363,11.01,2.7,61.6,21473,35.5,28,56.1,1.13,31.7,19.7,45877.51,291914561,7.4,Developed
Canada,2021,60.6,103.7,150,15.65,17.98,70.7,17955,54.9,285,72.3,8.33,58.3,9.9,34977.16,347625734,2.3,Developed
Canada,2022,59.1,197.0,226,5.79,16.17,60.8,20219,54.1,113,43.3,9.61,72.0,12.8,19552.83,793658918,6.6,Developed
Canada,2023,62.0,312.8,401,2.23,11.77,78.6,22053,50.9,27,37.5,11.75,71.7,10.5,74043.11,19762565,14.5,Developed
Italy,2000,59.6,138.2,493,12.96,8.68,95.8,31350,50.6,242,51.4,3.28,51.8,2.1,2414.36,169890975,5.2,Developing
Italy,2001,60.1,77.7,466,16.53,9.56,95.1,34957,55.5,198,98.5,1.1,92.4,16.2,8846.16,1264559681,11.3,Developed
Italy,2002,58.6,217.6,100,14.87,3.94,63.0,23485,38.9,6,94.2,5.64,39.3,21.6,63443.76,352523420,13.5,Developed
Italy,2003,60.1,72.8,373,1.89,3.8,28.1,16464,28.8,245,53.6,8.31,78.1,21.9,69338.59,1143183958,2.9,Developed
Italy,2004,61.5,160.5,135,16.12,3.97,21.4,44023,44.2,119,64.7,15.94,55.0,22.6,76011.89,101351873,2.6,Developed
Italy,2005,60.1,126.3,334,6.25,12.09,40.1,9544,58.9,39,37.7,17.06,40.6,21.4,35906.46,1153871888,13.1,Developed
Italy,2006,60.0,294.7,43,7.67,16.32,45.4,13518,29.4,150,74.5,12.53,41.5,5.2,15491.93,1192144222,11.7,Developing
Italy,2007,59.5,295.9,459,8.08,13.14,68.3,3983,55.7,34,71.9,7.58,47.0,1.3,26450.31,1364485798,5.5,Developed
Italy,2008,59.6,118.9,368,9.27,15.11,33.7,15036,33.6,117,90.8,1.2,89.2,25.9,63069.57,223088191,11.3,Developed
Italy,2009,60.0,182.2,258,4.88,16.39,85.0,22632,64.5,142,47.5,16.59,95.9,7.9,34314.3,1141996456,5.8,Developed
Italy,2010,60.9,235.9,230,11.98,10.39,11.4,44973,48.6,164,46.6,11.13,40.1,13.7,40286.67,1419738042,6.6,Developed
Italy,2011,60.5,291.2,290,9.85,17.8,57.0,10158,59.6,31,51.1,17.75,63.2,21.1,67033.33,224843035,6.9,Developed
Italy,2012,61.4,119.8,414,1.53,13.39,63.2,49001,63.3,129,42.1,3.25,44.1,16.7,18265.46,965459319,4.9,Developing
Italy,2013,61.2,121.5,405,1.76,17.59,97.7,43223,43.8,15,57.0,14.89,95.1,17.0,78675.75,1110523214,17.6,Developing
Italy,2014,61.8,113.6,74,2.07,14.88,11.3,15074,26.3,1,31.1,12.76,56.6,13.1,9346.22,64096053,11.1,Developed
Italy,2015,61.1,264.5,62,0.2,2.42,36.3,24423,36.0,47,49.9,16.59,46.2,16.6,74298.78,1395697313,6.4,Developing
Italy,2016,61.1,285.9,141,7.17,13.77,86.2,42042,24.5,161,51.3,15.73,70.6,25.0,63250.42,74981059,2.1,Developing
Italy,2017,61.8,187.1,384,6.88,4.1,42.9,18281,62.3,194,60.2,2.27,31.3,20.7,34985.75,1435568179,9.0,Developed
Italy,2018,63.1,244.2,469,6.31,15.75,73.1,46142,57.5,115,98.1,1.03,60.8,9.8,32026.1,1270296396,6.8,Developed
Italy,2019,63.2,62.6,314,0.27,14.14,77.7,28173,37.7,103,50.3,3.39,66.9,17.1,49822.04,342206200,9.0,Developed
Italy,2020,63.6,212.0,285,9.45,16.26,60.4,30964,42.9,248,83.9,2.24,32.1,24.1,34414.59,779682414,10.2,Developing
Italy,2021,62.3,220.8,459,6.42,12.78,31.1,1459,62.3,67,59.8,12.93,98.2,13.7,77078.7,1121036270,12.4,Developing
Italy,2022,63.1,73.6,437,0.11,17.04,89.9,24152,61.9,37,84.1,7.14,65.2,29.1,9598.73,1045189878,10.2,Developing
Italy,2023,64.5,251.3,70,8.31,7.55,26.5,4890,22.5,282,40.0,2.56,79.2,12.1,11194.11,571912901,5.2,Developing
Spain,2000,70.1,72.3,27,13.79,15.99,91.3,17323,51.9,187,48.4,3.24,86.8,10.5,23633.15,1044005901,17.0,Developing
Spain,2001,71.7,145.7,399,8.6,1.05,61.4,8279,57.7,187,64.3,1.0,69.6,28.1,4172.53,1357563633,9.2,Developed
Spain,2002,69.6,187.8,108,14.07,5.73,86.9,11640,41.6,286,72.2,16.09,91.1,8.5,4861.18,1042649228,11.4,Developing
Spain,2003,73.2,98.3,134,12.19,5.09,22.1,27504,21.4,277,93.8,14.51,55.7,14.5,4901.61,754795053,19.0,Developing
Spain,2004,73.2,342.4,312,3.03,8.88,81.8,43053,22.1,95,59.5,13.71,33.0,10.9,75770.94,946257496,3.0,Developing
Spain,2005,73.0,109.9,16,7.87,14.76,62.8,44596,18.7,247,47.7,12.91,98.2,2.7,40433.56,670669752,12.1,Developed
Spain,2006,72.3,243.8,408,9.65,8.96,62.8,37557,28.0,211,53.8,11.12,49.3,14.2,9422.25,189273495,19.3,Developing
Spain,2007,72.0,343.2,103,13.68,14.79,17.4,47536,54.4,18,47.8,1.77,54.3,16.9,48939.75,476366860,14.3,Developing
Spain,2008,72.1,341.2,401,13.44,7.12,32.8,15856,33.9,77,59.0,2.03,89.5,29.4,34946.65,921943702,10.1,Developing
Spain,2009,73.3,346.9,128,15.15,16.83,54.8,35858,32.3,90,51.9,4.87,93.6,24.0,50523.63,639868203,9.3,Developing
Spain,2010,72.4,65.9,417,7.56,5.7,14.5,23599,39.1,171,54.3,7.19,57.4,6.3,14785.23,21001823,12.7,Developed
Spain,2011,73.3,320.7,166,1.83,9.39,72.3,47881,19.3,52,91.4,2.7,35.8,3.1,62356.95,833109412,3.7,Developing
Spain,2012,74.8,261.2,227,11.6,1.92,72.5,11022,47.8,207,79.5,7.31,46.1,24.5,74586.97,178680075,14.3,Developing
Spain,2013,75.3,317.9,341,2.31,8.44,37.9,37086,34.8,30,30.7,15.62,82.4,21.0,4251.76,686237219,4.0,Developing
Spain,2014,75.6,322.0,177,16.43,12.13,71.1,17015,38.7,173,32.2,5.8,96.0,14.8,61245.8,410833798,17.2,Developed
Spain,2015,72.5,228.5,25,15.82,13.04,62.5,23996,48.3,118,76.0,15.1,33.3,29.5,23170.08,1455102677,13.2,Developed
Spain,2016,74.5,257.0,296,2.02,5.72,21.2,2059,59.3,219,33.1,11.4,97.1,8.6,5946.29,644112930,13.3,Developing
Spain,2017,74.5,336.6,334,5.73,11.46,89.4,35746,34.9,124,92.7,12.66,53.5,1.5,31156.2,71520296,3.1,Developed
Spain,2018,73.7,243.2,203,9.71,17.03,90.9,35880,20.8,279,56.7,8.47,48.1,23.4,71656.0,1028705976,11.0,Developing
Spain,2019,74.5,265.0,489,3.71,4.3,85.5,20103,45.3,191,89.5,1.35,57.1,13.8,60749.27,337631894,8.0,Developing
Spain,2020,75.6,298.5,37,8.39,17.75,37.9,8520,60.2,94,49.7,8.81,47.6,17.5,50293.36,1420642094,19.0,Developing
Spain,2021,76.9,115.7,113,5.24,15.55,16.2,48315,55.0,292,32.7,16.22,59.1,20.3,28622.33,12165850,13.5,Developed
Spain,2022,74.9,95.4,462,1.99,7.53,49.5,8918,47.0,3,49.4,12.53,96.1,27.7,36631.78,1208215906,12.0,Developed
Spain,2023,75.8,147.0,289,14.63,2.49,62.8,38901,54.2,159,41.6,1.79,95.8,7.3,53748.71,384888128,16.4,Developing
Russia,2000,67.0,126.8,237,15.13,12.81,21.2,29158,23.4,176,88.1,4.84,81.9,0.3,15285.8,361410888,3.8,Developing
Russia,2001,68.1,70.3,464,15.48,14.36,56.5,32036,52.0,187,69.0,8.37,83.3,15.1,17072.59,797736383,8.0,Developing
Russia,2002,67.5,220.7,237,11.74,9.0,72.7,6173,35.9,264,33.1,1.86,98.5,10.3,19059.39,1148956497,15.8,Developing
Russia,2003,65.9,70.2,192,10.35,3.63,90.9,31430,60.3,260,49.1,17.34,51.5,1.7,7858.76,1103721121,4.5,Developed
Russia,2004,68.3,215.4,314,5.01,3.17,92.5,14984,24.4,79,34.1,2.51,49.2,29.6,52455.73,282878697,18.6,Developing
Russia,2005,68.6,69.8,498,16.21,7.12,63.6,12863,51.0,64,80.8,13.49,38.8,19.1,78298.31,594949142,18.9,Developing
Russia,2006,68.7,265.1,254,6.11,16.82,71.9,6765,29.5,99,32.9,14.21,39.0,2.9,26970.12,101106529,9.3,Developed
Russia,2007,69.3,109.1,349,16.73,1.98,73.7,38985,28.8,225,61.5,7.05,92.3,3.0,43074.07,283609000,15.8,Developing
Russia,2008,67.2,76.9,349,15.02,12.66,76.1,30780,32.0,20,89.4,3.71,81.7,16.0,9722.66,62745608,6.7,Developed
Russia,2009,66.7,70.1,198,6.67,3.56,17.2,13305,62.1,214,63.6,9.52,55.3,16.8,29612.24,897069648,17.1,Developed
Russia,2010,67.7,317.3,196,3.98,7.7,23.6,37377,42.1,201,55.0,2.03,70.1,23.4,62701.16,645425485,13.8,Developed
Russia,2011,70.0,339.6,200,16.66,12.64,63.8,12357,51.7,290,58.8,1.15,74.7,11.4,36398.5,278147101,17.2,Developed
Russia,2012,71.1,85.2,151,16.47,5.35,79.9,43611,24.5,175,94.9,10.43,52.1,20.2,8292.67,1105382104,17.3,Developing
Russia,2013,71.5,210.1,252,16.14,11.1,71.2,6428,52.8,208,40.2,5.08,51.5,24.6,6953.9,1290276249,12.3,Developed
Russia,2014,70.1,151.7,122,15.09,13.24,95.7,18463,62.5,95,91.3,12.33,55.2,7.2,19792.7,434550719,19.1,Developing
Russia,2015,71.0,292.7,123,1.33,13.01,42.6,43808,42.9,207,31.9,17.66,48.4,25.9,62313.29,838486857,18.5,Developed
Russia,2016,68.8,170.4,364,15.21,14.56,33.9,41663,33.8,102,54.9,5.08,55.6,14.2,68608.26,844120054,9.0,Developed
Russia,2017,70.8,338.7,32,7.33,16.4,21.3,11605,34.1,189,31.5,12.86,30.5,10.0,67133.99,1327943632,18.5,Developed
Russia,2018,69.1,105.6,204,10.14,6.49,93.7,37730,35.9,154,88.3,4.09,88.9,7.3,36365.39,593200383,4.5,Developed
Russia,2019,71.1,283.1,301,16.78,5.52,44.2,18737,20.5,135,74.9,10.92,47.1,26.9,75288.5,249946693,7.4,Developed
Russia,2020,71.9,292.9,231,9.64,4.74,78.6,14811,22.9,9,32.1,11.98,80.4,14.9,42560.25,765179407,18.6,Developing
Russia,2021,71.1,329.6,40,6.27,10.33,18.2,36502,31.2,80,44.4,14.87,75.4,22.2,14262.21,1085622813,16.4,Developed
Russia,2022,71.6,317.1,255,0.84,9.45,67.2,10721,58.9,12,77.7,7.99,53.6,22.3,11977.51,955106535,10.3,Developing
Russia,2023,73.5,223.2,204,11.6,7.91,27.4,223,23.2,31,74.6,1.79,82.7,21.0,65260.23,943550527,18.8,Developing
South Korea,2000,56.5,205.7,23,0.63,16.65,53.1,44722,26.4,65,34.5,4.17,62.0,25.4,15750.43,913688136,2.5,Developed
South Korea,2001,55.5,118.0,293,11.77,3.1,91.7,26083,42.9,44,64.1,3.8,32.4,3.7,30371.06,742835603,8.3,Developing
South Korea,2002,55.1,321.9,13,10.22,4.17,74.6,31761,54.9,176,38.8,7.35,72.5,24.8,68812.59,1466585476,5.8,Developing
South Korea,2003,56.2,94.5,77,10.88,14.1,49.4,45830,46.9,267,71.6,3.96,49.8,25.6,55356.95,476969186,16.1,Developing
South Korea,2004,57.2,76.1,179,16.52,8.98,18.2,3208,43.9,235,33.1,4.19,71.9,23.7,9839.29,1086010293,16.5,Developing
South Korea,2005,57.4,164.3,50,0.25,3.12,45.3,23214,48.3,283,45.3,17.37,76.8,19.0,14794.22,192601643,19.3,Developed
South Korea,2006,55.9,180.4,362,12.96,10.08,33.0,26380,40.5,166,60.5,5.47,40.0,29.4,77140.96,1483692666,19.7,Developing
South Korea,2007,55.4,335.7,470,12.11,1.29,19.4,39808,31.7,78,53.9,17.84,89.2,17.0,57444.92,1428185321,19.8,Developing
South Korea,2008,58.4,171.5,193,3.12,16.1,98.4,22120,27.9,25,92.1,5.12,91.9,23.7,38407.32,525464897,3.2,Developing
South Korea,2009,59.7,209.5,139,6.75,14.48,34.5,15487,18.3,161,45.8,10.5,51.0,3.7,45022.43,318995206,2.2,Developing
South Korea,2010,57.9,170.4,29,8.65,5.88,45.5,37415,56.9,242,75.3,7.56,51.7,8.4,38196.28,776484334,7.7,Developing
South Korea,2011,58.8,289.8,479,10.65,2.14,17.7,47210,30.6,39,69.1,16.61,53.6,12.9,1549.18,1440042056,3.6,Developed
South Korea,2012,57.5,146.3,280,8.45,14.68,15.4,34,56.1,9,47.5,8.39,40.9,0.5,49895.4,1400321565,10.9,Developing
South Korea,2013,57.9,268.7,45,2.55,2.25,28.0,15967,53.3,220,92.5,11.55,61.9,17.0,36421.48,78130277,12.2,Developed
South Korea,2014,58.6,197.2,247,3.94,14.56,97.7,12148,24.2,199,76.6,1.48,96.2,20.9,77114.01,1148499435,13.2,Developed
South Korea,2015,59.3,155.7,430,10.84,4.54,66.2,37464,60.3,158,44.0,11.24,73.5,11.5,24839.58,66408288,19.2,Developed
South Korea,2016,59.1,63.7,61,9.97,6.98,12.1,22878,40.9,193,48.8,5.81,74.2,24.0,22870.57,14891142,14.8,Developing
South Korea,2017,59.5,92.1,495,9.55,7.73,37.5,43606,53.8,254,57.7,10.73,70.9,27.7,70808.12,191283777,9.6,Developing
South Korea,2018,58.6,257.2,17,4.38,6.62,12.1,16008,34.6,112,62.4,1.64,81.0,29.3,45290.7,1323934991,5.4,Developed
South Korea,2019,60.1,182.4,56,15.01,10.61,41.9,37310,50.7,114,52.2,1.84,55.6,14.0,834.97,790388675,8.3,Developing
South Korea,2020,58.6,252.3,218,5.1,17.79,85.9,40244,31.6,268,72.8,10.51,69.3,10.1,31598.98,605031048,9.5,Developed
South Korea,2021,59.7,124.4,497,5.62,5.45,90.2,19146,53.0,157,78.9,14.35,84.6,9.2,9880.72,1222845993,18.7,Developing
South Korea,2022,60.1,261.7,439,4.4,10.83,35.4,37677,59.4,209,48.2,9.94,76.6,19.8,44996.31,313856267,6.0,Developed
South Korea,2023,59.5,200.2,65,10.3,9.11,93.2,37723,49.4,272,74.3,16.0,70.2,28.0,8160.77,338743842,3.9,Developing
Indonesia,2000,82.0,68.4,88,1.97,9.14,13.9,21418,32.2,265,54.0,5.88,79.0,12.4,27066.91,1257677413,4.4,Developing
Indonesia,2001,81.1,61.2,5,0.74,5.73,48.5,19948,35.9,32,40.2,11.39,69.1,24.7,11486.52,764113476,3.9,Developing
Indonesia,2002,82.9,150.0,201,14.69,9.99,62.9,12472,33.5,172,73.3,15.27,96.5,16.7,34533.48,169496289,18.6,Developing
Indonesia,2003,84.5,333.3,133,12.0,10.39,26.8,45597,33.4,198,45.3,2.23,94.5,16.6,4035.02,439697565,7.3,Developing
Indonesia,2004,83.1,329.8,379,2.32,15.59,27.3,29983,31.8,135,58.1,12.15,31.3,7.0,36170.83,1244449882,9.5,Developed
Indonesia,2005,83.9,284.4,276,14.13,1.56,80.4,42672,32.7,72,69.3,5.77,82.0,28.8,12408.65,1404164751,3.6,Developed
Indonesia,2006,82.4,189.7,96,16.89,6.14,84.9,3830,25.3,274,84.8,15.19,95.4,5.0,65242.33,1308995466,19.0,Developed
Indonesia,2007,83.6,167.3,92,7.63,6.73,87.6,49727,25.5,102,39.2,17.9,73.0,7.1,11076.12,288812100,7.9,Developing
Indonesia,2008,84.0,118.9,112,3.36,7.94,49.2,48107,50.5,219,84.0,7.21,86.3,13.2,34264.08,1027430671,13.0,Developed
Indonesia,2009,85.7,275.3,161,4.24,13.72,25.4,42058,35.4,28,35.4,16.36,92.8,22.1,44579.06,554827515,16.7,Developing
Indonesia,2010,84.0,265.0,486,13.47,1.79,58.1,30045,21.2,297,85.9,14.55,93.3,0.6,36446.67,350234890,19.2,Developing
Indonesia,2011,84.8,137.8,451,6.35,8.47,88.2,27104,61.1,132,75.6,10.29,80.3,28.8,66569.42,1022918664,13.6,Developed
Indonesia,2012,84.0,81.8,402,14.15,16.91,26.3,17282,20.4,184,74.1,4.87,90.2,13.3,63131.86,1007615437,13.3,Developed
Indonesia,2013,85.2,201.7,476,1.1,3.64,63.3,38334,54.8,175,56.6,13.89,49.4,7.7,40669.23,316709669,19.0,Developed
Indonesia,2014,84.7,222.0,481,1.31,4.17,21.6,5632,64.0,61,66.6,17.42,32.9,20.9,78605.11,1187226636,9.5,Developing
Indonesia,2015,85.6,250.9,456,16.59,2.26,86.1,31767,31.7,18,85.1,16.85,71.3,10.6,47103.0,1330307980,13.1,Developed
Indonesia,2016,85.5,315.7,391,1.87,2.73,25.6,32258,62.4,130,47.2,10.48,42.5,0.7,68600.97,321478488,4.6,Developed
Indonesia,2017,86.1,102.8,347,5.46,14.79,62.6,42339,36.0,98,92.7,13.58,30.1,16.2,15801.06,622648600,7.3,Developed
Indonesia,2018,86.9,141.4,430,8.82,9.65,61.6,21665,18.6,237,31.4,3.83,89.4,18.5,30326.35,1089919689,14.3,Developing
Indonesia,2019,84.4,233.6,447,5.33,14.4,49.9,16867,47.3,93,57.4,11.79,44.4,28.4,47899.07,679848161,9.5,Developed
Indonesia,2020,86.8,192.2,406,2.91,16.5,60.5,1149,37.7,204,54.1,2.42,85.9,4.1,52398.76,1229973801,15.1,Developing
Indonesia,2021,88.2,95.3,146,2.0,6.48,87.0,26903,28.3,77,70.8,6.37,75.9,17.5,18760.79,524867154,10.3,Developing
Indonesia,2022,86.0,236.7,151,11.29,17.22,13.8,24705,21.6,132,73.0,1.46,76.1,10.3,15723.63,229814500,6.0,Developing
Indonesia,2023,86.1,63.1,293,9.09,15.47,72.7,10291,21.0,42,42.2,3.58,95.5,5.3,6286.3,635910910,11.2,Developing
Turkey,2000,72.2,213.0,274,8.5,7.82,89.5,6814,53.9,56,66.6,5.46,67.1,11.7,79107.98,286929115,17.1,Developing
Turkey,2001,73.9,62.8,198,3.03,16.78,91.5,32625,38.8,268,63.2,15.14,65.9,23.3,76789.07,1369777708,9.2,Developed
Turkey,2002,74.6,85.6,222,12.31,4.7,68.6,7326,46.7,223,85.8,4.04,43.3,0.6,55276.13,97750669,7.1,Developed
Turkey,2003,73.1,209.6,407,16.53,5.78,53.2,33494,61.1,290,83.3,12.9,37.7,14.2,49276.79,329576050,16.9,Developed
Turkey,2004,73.9,233.9,294,11.74,2.64,24.3,45764,27.4,281,31.4,4.73,59.8,12.4,59052.54,361073759,14.7,Developing
Turkey,2005,74.5,51.6,479,3.35,3.74,40.0,35649,36.6,49,30.3,11.74,52.5,5.5,19692.89,1137107028,18.2,Developing
Turkey,2006,76.6,98.6,213,14.32,11.47,68.7,36998,54.1,31,34.1,7.77,78.1,5.0,36699.61,936720116,18.8,Developing
Turkey,2007,75.1,103.2,284,16.88,4.52,87.6,39938,60.0,104,44.8,9.22,92.1,2.6,27030.55,245009165,17.9,Developed
Turkey,2008,76.3,124.3,282,5.19,14.21,10.1,4874,26.9,258,84.6,4.42,45.6,18.3,8112.12,1160952910,17.3,Developing
Turkey,2009,77.0,154.8,95,7.84,11.2,86.2,34626,40.4,10,58.0,16.23,64.0,2.9,3667.21,1351188621,15.0,Developing
Turkey,2010,78.3,211.5,51,14.56,14.82,32.0,4919,47.2,239,71.9,17.26,38.1,27.6,55644.53,756751454,19.5,Developed
Turkey,2011,76.5,223.9,273,10.94,10.2,36.6,43302,41.4,8,98.4,14.97,40.4,11.8,29617.43,857490957,11.6,Developing
Turkey,2012,75.9,298.8,70,5.51,4.47,64.9,38874,44.6,83,53.7,4.8,48.8,13.1,50989.66,954307832,15.3,Developing
Turkey,2013,76.2,223.8,311,0.39,5.56,52.3,40458,37.4,155,34.3,8.44,72.7,14.6,45082.38,1188186300,16.1,Developed
Turkey,2014,76.5,126.5,180,11.66,15.46,35.3,18074,21.5,260,43.4,11.34,64.8,9.1,32994.09,520933223,7.2,Developed
Turkey,2015,78.6,205.7,322,5.84,7.78,61.8,34944,23.0,194,50.2,10.93,31.9,8.8,988.13,1299173009,5.0,Developed
Turkey,2016,78.0,101.3,427,15.09,1.53,45.5,30060,19.8,204,50.0,11.23,34.2,25.2,14495.49,1148233411,17.0,Developed
Turkey,2017,77.0,206.0,394,3.77,10.46,58.0,36408,26.9,21,52.8,6.19,86.2,16.6,49584.58,1017420606,6.7,Developing
Turkey,2018,76.8,309.6,7,2.55,17.32,80.2,833,20.2,108,33.2,6.86,56.9,20.4,8325.44,1280945629,8.4,Developing
Turkey,2019,77.7,55.2,495,16.16,7.59,18.6,17108,54.1,98,87.0,17.64,75.9,26.9,23676.34,963945427,12.3,Developed
Turkey,2020,80.1,246.1,271,8.03,8.05,67.2,2288,19.5,104,59.5,16.11,38.5,7.0,73530.93,650822107,19.1,Developed
Turkey,2021,77.3,89.5,304,15.95,7.69,34.4,22475,62.9,286,92.3,7.81,93.2,5.0,75211.88,811483340,4.6,Developing
Turkey,2022,80.2,233.4,223,14.83,3.33,93.0,11682,26.7,92,38.6,1.13,46.3,28.0,51871.8,633382654,9.9,Developing
Turkey,2023,80.3,127.6,157,8.17,7.61,58.2,44874,54.9,190,71.2,11.21,52.5,3.0,65962.34,497801368,11.6,Developed
Thailand,2000,56.4,136.2,373,5.92,2.73,72.4,39055,20.6,127,57.2,12.19,95.3,27.9,5625.56,1014359594,6.3,Developing
Thailand,2001,53.1,240.0,237,8.41,8.24,34.1,42109,43.6,126,72.6,10.45,79.2,9.7,26112.98,388675662,12.5,Developed
Thailand,2002,56.5,92.0,439,5.32,7.9,97.0,21475,41.0,43,61.0,1.93,93.2,15.9,51011.22,780222428,7.6,Developing
Thailand,2003,57.4,127.5,232,5.23,9.02,78.1,41853,28.1,72,50.5,15.86,80.5,25.6,23804.57,990614169,4.1,Developed
Thailand,2004,55.1,187.8,133,4.93,16.32,28.1,21847,28.9,261,66.9,4.78,38.6,6.6,6835.04,147519758,14.4,Developing
Thailand,2005,53.5,297.6,266,15.61,17.67,48.0,2453,42.1,259,66.9,3.98,93.0,2.1,63593.43,1030718247,11.8,Developing
Thailand,2006,58.2,180.4,161,11.64,6.33,20.9,45318,32.4,167,87.4,4.62,52.6,6.9,65010.99,1099306430,2.9,Developing
Thailand,2007,56.7,156.9,351,8.14,5.97,87.4,32542,22.1,245,60.5,7.44,41.2,24.3,47190.26,140340128,19.8,Developing
Thailand,2008,57.0,226.3,294,4.38,7.39,80.7,17169,63.7,174,33.6,10.99,70.4,1.0,3147.11,103660709,11.6,Developed
Thailand,2009,57.9,193.9,295,0.3,16.4,84.1,44810,51.3,83,36.6,2.44,71.0,19.9,23382.65,617479730,5.1,Developed
Thailand,2010,55.9,204.4,264,5.07,13.77,90.2,43908,46.9,234,70.2,8.45,68.7,26.3,65946.04,1052964623,7.9,Developed
Thailand,2011,58.4,276.3,64,16.07,13.61,85.0,3364,26.4,36,60.4,10.92,80.4,18.3,71796.08,1355591849,17.1,Developing
Thailand,2012,57.2,241.8,464,14.62,16.28,51.1,21506,53.3,270,50.6,17.41,93.9,24.3,63234.62,442719321,9.7,Developing
Thailand,2013,59.0,206.9,200,16.69,2.78,26.2,14263,48.0,107,66.4,6.81,60.0,16.1,62073.78,1241608085,6.4,Developed
Thailand,2014,58.2,333.6,172,9.8,16.09,12.0,40448,48.9,293,73.5,3.84,37.3,14.1,3950.13,677895023,4.7,Developed
Thailand,2015,57.8,327.4,299,3.54,14.99,43.3,41156,57.0,160,81.4,10.15,31.4,21.7,76902.55,25630861,15.8,Developed
Thailand,2016,58.9,56.0,381,2.07,10.79,80.1,5231,18.5,272,38.7,10.75,62.7,4.1,69317.94,750778119,4.2,Developed
Thailand,2017,60.0,62.7,30,11.73,6.58,57.6,6623,58.2,62,32.9,6.57,90.7,9.1,57227.77,443735932,9.2,Developed
Thailand,2018,60.4,209.3,105,6.45,7.83,91.4,5168,28.2,178,65.2,11.19,69.2,6.3,19511.16,1328709390,3.1,Developing
Thailand,2019,58.2,238.0,278,5.48,15.85,76.9,28193,22.2,149,61.1,5.19,74.9,25.8,65668.83,514226460,12.5,Developing
Thailand,2020,58.1,84.7,194,4.94,7.68,70.4,2791,49.0,260,92.9,9.02,42.5,0.9,12840.95,1276781914,9.6,Developed
Thailand,2021,60.7,173.0,175,15.54,6.01,56.4,24753,55.9,131,34.7,12.98,58.4,1.1,8566.48,1495968087,10.3,Developed
Thailand,2022,59.1,210.6,418,10.8,6.09,83.7,2808,63.8,63,32.6,12.38,67.7,4.1,78414.31,17865188,6.8,Developed
Thailand,2023,59.3,175.9,216,2.29,15.57,87.6,17255,47.8,138,61.3,9.99,70.0,17.8,63580.9,46502265,12.4,Developing
